date,home_team,away_team,home_score,away_score,season
2018-11-06,Gonzaga Bulldogs,Idaho State Bengals,120,79,2019
2018-11-06,Tennessee Volunteers,Lenoir-Rhyne Bears,86,41,2019
2018-11-06,Nevada Wolf Pack,BYU Cougars,86,70,2019
2018-11-06,Wofford Terriers,North Carolina Tar Heels,67,78,2019
2018-11-06,Villanova Wildcats,Morgan State Bears,100,77,2019
2018-11-06,Auburn Tigers,South Alabama Jaguars,101,58,2019
2018-11-06,Oregon Ducks,Portland State Vikings,84,57,2019
2018-11-06,Florida State Seminoles,Florida Gators,81,60,2019
2018-11-06,UCLA Bruins,Purdue Fort Wayne Mastodons,96,71,2019
2018-11-06,Clemson Tigers,The Citadel Bulldogs,100,80,2019
2018-11-06,LSU Tigers,SE Louisiana Lions,94,63,2019
2018-11-06,Purdue Boilermakers,Fairfield Stags,90,57,2019
2018-11-07,TCU Horned Frogs,Cal State Bakersfield Roadrunners,66,61,2019
2018-11-08,Cornell Big Red,SUNY-Canton Roos,86,44,2019
2018-11-08,Norfolk State Spartans,Mid-Atlantic Christian Mustangs,108,50,2019
2018-11-08,Purdue Fort Wayne Mastodons,Earlham Quakers,112,51,2019
2018-11-08,East Tennessee State Buccaneers,Hiwassee Tigers,109,44,2019
2018-11-08,UNC Asheville Bulldogs,St. Andrews Knights,87,47,2019
2018-11-08,Liberty Flames,Maine-Fort Kent Bengals,89,40,2019
2018-11-08,Florida Gulf Coast Eagles,Southeastern Fires,81,54,2019
2018-11-08,George Washington Revolutionaries,Siena Saints,61,69,2019
2018-11-08,UConn Huskies,Morehead State Eagles,80,70,2019
2018-11-08,Louisville Cardinals,Nicholls Colonels,85,72,2019
2018-11-08,Notre Dame Fighting Irish,Chicago State Cougars,89,62,2019
2018-11-08,Stephen F. Austin Lumberjacks,Southwestern Assemblies of God Lions,68,67,2019
2018-11-08,Little Rock Trojans,Southeastern Oklahoma State Savage Storm,101,92,2019
2018-11-08,Central Arkansas Bears,Hendrix College Warriors,99,73,2019
2018-11-08,Sam Houston Bearkats,Southwestern (TX) Pirates,94,56,2019
2018-11-08,Drake Bulldogs,Buena Vista Beavers,98,52,2019
2018-11-08,South Dakota State Jackrabbits,Alabama State Hornets,78,61,2019
2018-11-08,SMU Mustangs,Northwestern State Demons,69,58,2019
2018-11-08,Northwestern Wildcats,New Orleans Privateers,82,52,2019
2018-11-08,Iowa Hawkeyes,Kansas City Roos,77,63,2019
2018-11-08,Illinois Fighting Illini,Evansville Purple Aces,99,60,2019
2018-11-08,Utah Utes,Maine Black Bears,75,61,2019
2018-11-08,Seattle U Redhawks,Puget Sound Loggers,95,67,2019
2018-11-09,Kentucky Wildcats,Southern Illinois Salukis,71,59,2019
2018-11-09,Nevada Wolf Pack,Pacific Tigers,83,61,2019
2018-11-09,Elon Phoenix,North Carolina Tar Heels,67,116,2019
2018-11-09,Auburn Tigers,Washington Huskies,88,66,2019
2018-11-09,West Virginia Mountaineers,Buffalo Bulls,94,99,2019
2018-11-09,Virginia Tech Hokies,Gardner-Webb Runnin' Bulldogs,87,59,2019
2018-11-09,Mississippi State Bulldogs,Austin Peay Governors,95,67,2019
2018-11-09,UCLA Bruins,Long Beach State Beach,91,80,2019
2018-11-09,Clemson Tigers,North Carolina Central Eagles,71,51,2019
2018-11-09,LSU Tigers,UNC Greensboro Spartans,97,91,2019
2018-11-10,Villanova Wildcats,Quinnipiac Bobcats,86,53,2019
2018-11-11,Duke Blue Devils,Army Black Knights,94,72,2019
2018-11-11,Virginia Cavaliers,George Washington Revolutionaries,76,57,2019
2018-11-11,Michigan State Spartans,Florida Gulf Coast Eagles,106,82,2019
2018-11-11,Tulane Green Wave,Florida State Seminoles,69,80,2019
2018-11-11,TCU Horned Frogs,Oral Roberts Golden Eagles,79,62,2019
2018-11-12,North Carolina Tar Heels,Stanford Cardinal,90,72,2019
2018-11-12,Kansas State Wildcats,Denver Pioneers,64,56,2019
2018-11-12,Southern Illinois Salukis,Buffalo Bulls,53,62,2019
2018-11-13,Tennessee Volunteers,Georgia Tech Yellow Jackets,66,53,2019
2018-11-14,Duke Blue Devils,Eastern Michigan Eagles,84,46,2019
2018-11-14,Auburn Tigers,Mississippi College Choctaws,103,52,2019
2018-11-15,Gonzaga Bulldogs,Texas A&M Aggies,94,71,2019
2018-11-15,TCU Horned Frogs,Fresno State Bulldogs,77,69,2019
2018-11-16,Kansas Jayhawks,Louisiana Ragin' Cajuns,89,76,2019
2018-11-16,LSU Tigers,Louisiana Tech Bulldogs,74,67,2019
2018-11-17,Marquette Golden Eagles,Presbyterian Blue Hose,74,55,2019
2018-11-18,Evansville Purple Aces,Texas Southern Tigers,85,63,2019
2018-11-18,UT Arlington Mavericks,UC Davis Aggies,68,59,2019
2018-11-18,North Carolina Central Eagles,Warren Wilson Owls,123,57,2019
2018-11-18,Navy Midshipmen,Bryant Bulldogs,83,79,2019
2018-11-18,Lafayette Leopards,St. Francis Brooklyn Terriers,72,84,2019
2018-11-18,UNC Wilmington Seahawks,Allen Yellow Jackets,113,74,2019
2018-11-18,Delaware Blue Hens,Wilmington (DE) Wildcats,70,40,2019
2018-11-18,Oklahoma Sooners,Wofford Terriers,75,64,2019
2018-11-18,Ohio State Buckeyes,South Carolina State Bulldogs,89,61,2019
2018-11-18,Troy Trojans,Central Arkansas Bears,82,77,2019
2018-11-18,Arkansas Razorbacks,Indiana Hoosiers,73,72,2019
2018-11-18,Kent State Golden Flashes,Alcorn State Braves,79,48,2019
2018-11-18,Brown Bears,Army Black Knights,86,66,2019
2018-11-18,Seattle U Redhawks,Southern Utah Thunderbirds,70,73,2019
2018-11-18,Oklahoma State Cowboys,Charleston Cougars,70,58,2019
2018-11-18,Maryland Terrapins,Mount St. Mary's Mountaineers,92,77,2019
2018-11-18,UAB Blazers,West Alabama Tigers,77,47,2019
2018-11-18,Cleveland State Vikings,Samford Bulldogs,60,73,2019
2018-11-18,Fordham Rams,Columbia Lions,70,69,2019
2018-11-18,Idaho Vandals,Bethesda Flames,87,59,2019
2018-11-18,Kentucky Wildcats,VMI Keydets,92,82,2019
2018-11-18,Michigan State Spartans,Tennessee Tech Golden Eagles,101,33,2019
2018-11-18,Northern Kentucky Norse,Coastal Carolina Chanticleers,89,83,2019
2018-11-18,San Francisco Dons,LIU Brooklyn Liu Brooklyn,84,52,2019
2018-11-18,Hawai'i Rainbow Warriors,Northern Arizona Lumberjacks,85,68,2019
2018-11-19,Delaware State Hornets,St. Elizabeth Eagles,80,47,2019
2018-11-19,Oakland Golden Grizzlies,Defiance Yellow Jackets,91,47,2019
2018-11-19,East Tennessee State Buccaneers,Chicago State Cougars,86,61,2019
2018-11-19,UNC Greensboro Spartans,Prairie View A&M Panthers,74,66,2019
2018-11-19,Marshall Thundering Herd,North Carolina A&T Aggies,95,71,2019
2018-11-19,Cincinnati Bearcats,Western Michigan Broncos,78,52,2019
2018-11-19,Charlotte 49ers,Longwood Lancers,42,39,2019
2018-11-19,Stetson Hatters,Robert Morris Colonials,72,81,2019
2018-11-19,Colgate Raiders,Binghamton Bearcats,76,68,2019
2018-11-19,UAlbany Great Danes,SUNY-Oneonta Red Dragons,79,62,2019
2018-11-19,Massachusetts Minutemen,Arkansas-Pine Bluff Golden Lions,92,60,2019
2018-11-19,Rider Broncs,Coppin State Eagles,87,67,2019
2018-11-19,East Carolina Pirates,UT Rio Grande Valley Vaqueros,69,64,2019
2018-11-19,Florida State Seminoles,Canisius Golden Griffins,93,61,2019
2018-11-19,Rutgers Scarlet Knights,Eastern Michigan Eagles,63,36,2019
2018-11-19,Detroit Mercy Titans,Loyola Maryland Greyhounds,91,63,2019
2018-11-19,Charleston Southern Buccaneers,Trinity College of Jacksonville Eagles,98,49,2019
2018-11-19,Lamar Cardinals,Arlington Baptist Patriots,105,40,2019
2018-11-19,Oral Roberts Golden Eagles,Ecclesia Royals,109,72,2019
2018-11-19,Southern Illinois Salukis,Howard Bison,83,69,2019
2018-11-19,South Alabama Jaguars,Southeast Missouri State Redhawks,79,58,2019
2018-11-19,Tulsa Golden Hurricane,Little Rock Trojans,88,78,2019
2018-11-19,Houston Cougars,Northwestern State Demons,82,55,2019
2018-11-19,Vanderbilt Commodores,Liberty Flames,79,70,2019
2018-11-19,North Carolina Tar Heels,Saint Francis Red Flash,101,76,2019
2018-11-19,UTEP Miners,Eastern New Mexico Greyhounds,66,59,2019
2018-11-19,Washington State Cougars,Cal Poly Mustangs,84,70,2019
2018-11-19,Idaho State Bengals,Bethesda Flames,115,60,2019
2018-11-19,Nevada Wolf Pack,California Baptist Lancers,90,55,2019
2018-11-19,Portland Pilots,Lewis & Clark Pioneers,77,57,2019
2018-11-19,UCLA Bruins,Presbyterian Blue Hose,80,65,2019
2018-11-20,TCU Horned Frogs,Lipscomb Bisons,64,73,2019
2018-11-21,Iowa Hawkeyes,Alabama State Hornets,105,78,2019
2018-11-21,Buffalo Bulls,Dartmouth Big Green,110,71,2019
2018-11-22,Pacific Tigers,UC Riverside Highlanders,74,54,2019
2018-11-23,Michigan Wolverines,Chattanooga Mocs,83,55,2019
2018-11-23,Purdue Boilermakers,Robert Morris Colonials,84,46,2019
2018-11-24,Kansas State Wildcats,Lehigh Mountain Hawks,77,58,2019
2018-11-24,Virginia Tech Hokies,Saint Francis Red Flash,75,37,2019
2018-11-25,Morgan State Bears,Mount St. Mary's Mountaineers,78,68,2019
2018-11-25,Central Michigan Chippewas,Siena Heights Saints,103,75,2019
2018-11-25,Duquesne Dukes,UMass Lowell River Hawks,83,71,2019
2018-11-25,Columbia Lions,St. Joseph's (NY) Bears,85,38,2019
2018-11-25,Vermont Catamounts,Bucknell Bison,61,69,2019
2018-11-25,Liberty Flames,Savannah State Tigers,82,56,2019
2018-11-25,Fordham Rams,Alabama A&M Bulldogs,77,46,2019
2018-11-25,Quinnipiac Bobcats,Maine Black Bears,58,50,2019
2018-11-25,Illinois Fighting Illini,Mississippi Valley State Delta Devils,86,67,2019
2018-11-25,Morehead State Eagles,Lipscomb Bisons,55,87,2019
2018-11-25,Southern Miss Golden Eagles,William Carey Crusaders,72,78,2019
2018-11-25,SIU Edwardsville Cougars,Incarnate Word Cardinals,80,68,2019
2018-11-25,Fairleigh Dickinson Knights,Lafayette Leopards,76,80,2019
2018-11-25,Oakland Golden Grizzlies,Northern Illinois Huskies,72,92,2019
2018-11-25,Florida Atlantic Owls,Florida Gulf Coast Eagles,85,68,2019
2018-11-25,Wichita State Shockers,Rice Owls,90,61,2019
2018-11-25,Bowling Green Falcons,Drexel Dragons,81,71,2019
2018-11-25,UNC Asheville Bulldogs,Furman Paladins,51,65,2019
2018-11-25,Central Connecticut Blue Devils,Pine Manor,88,59,2019
2018-11-25,Cleveland State Vikings,Purdue Fort Wayne Mastodons,79,82,2019
2018-11-25,Long Beach State Beach,Oregon State Beavers,72,75,2019
2018-11-25,Stephen F. Austin Lumberjacks,St. Edward's Hilltoppers,73,60,2019
2018-11-25,Brown Bears,Bryant Bulldogs,84,60,2019
2018-11-25,Seattle U Redhawks,Longwood Lancers,70,50,2019
2018-11-25,Towson Tigers,Loyola Maryland Greyhounds,85,69,2019
2018-11-25,Richmond Spiders,Hampton Pirates,66,86,2019
2018-11-25,USC Trojans,Cal State Bakersfield Roadrunners,90,75,2019
2018-11-25,Samford Bulldogs,South Carolina State Bulldogs,77,60,2019
2018-11-26,Gonzaga Bulldogs,North Dakota State Bison,102,60,2019
2018-11-26,Oregon Ducks,Texas Southern Tigers,84,89,2019
2018-11-26,Mississippi State Bulldogs,Alcorn State Braves,88,65,2019
2018-11-27,Saint Francis Red Flash,Bloomsburg Huskies,113,59,2019
2018-11-27,Sacred Heart Pioneers,Hartford Hawks,98,89,2019
2018-11-27,St. John's Red Storm,Maryland Eastern Shore Hawks,85,64,2019
2018-11-27,Southern Jaguars,Wiley Wildcats,74,65,2019
2018-11-27,Wright State Raiders,Cedarville Yellow Jackets,58,39,2019
2018-11-27,Abilene Christian Wildcats,Howard Payne Yellow Jackets,90,53,2019
2018-11-27,Cincinnati Bearcats,Arkansas-Pine Bluff Golden Lions,105,49,2019
2018-11-27,UNC Greensboro Spartans,Greensboro College Pride,111,33,2019
2018-11-27,Mercer Bears,Brewton Parker Wildcats,90,65,2019
2018-11-27,Chattanooga Mocs,Hiwassee Tigers,95,62,2019
2018-11-27,The Citadel Bulldogs,High Point Panthers,112,87,2019
2018-11-27,Georgia Southern Eagles,East Tennessee State Buccaneers,64,69,2019
2018-11-27,VMI Keydets,American University Eagles,64,74,2019
2018-11-27,Norfolk State Spartans,Stony Brook Seawolves,73,79,2019
2018-11-27,Ball State Cardinals,Tiffin Dragons,108,62,2019
2018-11-27,Ohio Bobcats,Iona Gaels,89,65,2019
2018-11-27,Elon Phoenix,Central Penn Knights,92,59,2019
2018-11-27,Davidson Wildcats,Charlotte 49ers,76,56,2019
2018-11-27,UConn Huskies,UMass Lowell River Hawks,97,75,2019
2018-11-27,UNC Wilmington Seahawks,East Carolina Pirates,95,86,2019
2018-11-27,Florida Gators,North Florida Ospreys,98,66,2019
2018-11-27,Georgia Bulldogs,Kennesaw State Owls,84,51,2019
2018-11-27,Wake Forest Demon Deacons,Western Carolina Catamounts,71,64,2019
2018-11-27,Penn State Nittany Lions,Virginia Tech Hokies,63,62,2019
2018-11-27,Notre Dame Fighting Irish,Illinois Fighting Illini,76,74,2019
2018-11-27,Southeast Missouri State Redhawks,Missouri S&T Miners,72,69,2019
2018-11-27,Delaware State Hornets,Pennsylvania Quakers,48,76,2019
2018-11-27,Northwestern State Demons,UL Monroe Warhawks,52,80,2019
2018-11-27,Louisville Cardinals,Michigan State Spartans,82,78,2019
2018-11-27,Morehead State Eagles,Northern Kentucky Norse,71,93,2019
2018-11-27,Loyola Chicago Ramblers,Nevada Wolf Pack,65,79,2019
2018-11-27,Drake Bulldogs,Boise State Broncos,83,74,2019
2018-11-27,Tulsa Golden Hurricane,UT Arlington Mavericks,72,58,2019
2018-11-27,SMU Mustangs,Lamar Cardinals,79,65,2019
2018-11-27,Oklahoma Sooners,North Texas Mean Green,73,57,2019
2018-11-27,Baylor Bears,South Dakota Coyotes,63,57,2019
2018-11-27,Marquette Golden Eagles,Charleston Southern Buccaneers,76,55,2019
2018-11-27,Vanderbilt Commodores,Savannah State Tigers,120,85,2019
2018-11-27,Providence Friars,Fairleigh Dickinson Knights,69,59,2019
2018-11-27,Colorado State Rams,Southern Illinois Salukis,67,82,2019
2018-11-27,Weber State Wildcats,Benedictine Mesa Redhawks,100,61,2019
2018-11-27,Montana State Bobcats,North Dakota Fighting Hawks,81,76,2019
2018-11-27,Washington Huskies,Eastern Washington Eagles,83,59,2019
2018-11-27,Missouri Tigers,Temple Owls,77,79,2019
2018-11-27,Wisconsin Badgers,NC State Wolfpack,79,75,2019
2018-11-27,Iowa Hawkeyes,Pittsburgh Panthers,69,68,2019
2018-11-27,Duke Blue Devils,Indiana Hoosiers,90,69,2019
2018-11-27,Idaho Vandals,West Coast Baptist Eagles,98,44,2019
2018-11-27,San Diego State Aztecs,Jackson State Tigers,87,44,2019
2018-11-27,Washington State Cougars,Cal State Northridge Matadors,103,94,2019
2018-11-28,Tennessee Volunteers,Eastern Kentucky Colonels,95,67,2019
2018-11-28,Auburn Tigers,Saint Peter's Peacocks,99,49,2019
2018-11-28,Kentucky Wildcats,Monmouth Hawks,90,44,2019
2018-11-29,Norfolk State Spartans,Hampton Pirates,94,89,2019
2018-11-29,Campbell Fighting Camels,Trinity College of Jacksonville Eagles,79,29,2019
2018-11-29,James Madison Dukes,Coppin State Eagles,81,71,2019
2018-11-29,UCF Knights,Alabama Crimson Tide,70,64,2019
2018-11-29,Boston College Eagles,Sacred Heart Pioneers,81,73,2019
2018-11-29,Samford Bulldogs,Belmont Bruins,93,99,2019
2018-11-29,North Carolina A&T Aggies,Central Connecticut Blue Devils,72,60,2019
2018-11-29,Alabama A&M Bulldogs,UAB Blazers,57,67,2019
2018-11-29,North Florida Ospreys,Florida A&M Rattlers,81,62,2019
2018-11-29,SMU Mustangs,McNeese Cowboys,91,59,2019
2018-11-29,Chicago State Cougars,East West Phantoms,90,67,2019
2018-11-29,Troy Trojans,Austin Peay Governors,74,79,2019
2018-11-29,Texas Southern Tigers,Huston-Tillotson Rams,81,76,2019
2018-11-29,Southern Utah Thunderbirds,San Diego Christian Hawks,111,64,2019
2018-11-29,Arizona Wildcats,Georgia Southern Eagles,100,70,2019
2018-11-29,Idaho State Bengals,Montana-Western Bulldogs,74,66,2019
2018-11-29,Loyola Marymount Lions,Bethesda Flames,106,50,2019
2018-11-29,UC Santa Barbara Gauchos,Sacramento State Hornets,75,58,2019
2018-11-29,UC Davis Aggies,Northern Arizona Lumberjacks,73,57,2019
2018-11-29,UC Riverside Highlanders,California Baptist Lancers,70,80,2019
2018-11-29,Santa Clara Broncos,Jackson State Tigers,81,70,2019
2018-11-30,Rutgers Scarlet Knights,Michigan State Spartans,67,78,2019
2018-11-30,Texas Longhorns,Radford Highlanders,59,62,2019
2018-11-30,Dayton Flyers,Mississippi State Bulldogs,58,65,2019
2018-12-01,Creighton Bluejays,Gonzaga Bulldogs,92,103,2019
2018-12-01,Kansas Jayhawks,Stanford Cardinal,90,84,2019
2018-12-01,Duke Blue Devils,Stetson Hatters,113,49,2019
2018-12-01,USC Trojans,Nevada Wolf Pack,61,73,2019
2018-12-01,Michigan Wolverines,Purdue Boilermakers,76,57,2019
2018-12-01,Kentucky Wildcats,UNC Greensboro Spartans,78,61,2019
2018-12-01,Marquette Golden Eagles,Kansas State Wildcats,83,71,2019
2018-12-01,Virginia Tech Hokies,Central Connecticut Blue Devils,94,40,2019
2018-12-01,Houston Cougars,Oregon Ducks,65,61,2019
2018-12-01,La Salle Explorers,Villanova Wildcats,78,85,2019
2018-12-01,Maryland Terrapins,Penn State Nittany Lions,66,59,2019
2018-12-02,Tennessee Volunteers,Texas A&M-Corpus Christi Islanders,79,51,2019
2018-12-02,Ohio State Buckeyes,Minnesota Golden Gophers,79,59,2019
2018-12-03,Virginia Cavaliers,Morgan State Bears,83,45,2019
2018-12-03,Michigan State Spartans,Iowa Hawkeyes,90,68,2019
2018-12-03,Florida State Seminoles,Troy Trojans,83,67,2019
2018-12-03,Wisconsin Badgers,Rutgers Scarlet Knights,69,64,2019
2018-12-04,Kansas Jayhawks,Wofford Terriers,72,47,2019
2018-12-04,Northwestern Wildcats,Michigan Wolverines,60,62,2019
2018-12-04,Auburn Tigers,UNC Asheville Bulldogs,67,41,2019
2018-12-04,Mississippi State Bulldogs,McNeese Cowboys,90,77,2019
2018-12-04,Elon Phoenix,Furman Paladins,77,98,2019
2018-12-05,Gonzaga Bulldogs,Washington Huskies,81,79,2019
2018-12-05,Duke Blue Devils,Hartford Hawks,84,54,2019
2018-12-05,Texas Tech Red Raiders,Arkansas-Pine Bluff Golden Lions,65,47,2019
2018-12-05,North Carolina Tar Heels,UNC Wilmington Seahawks,97,69,2019
2018-12-05,Virginia Tech Hokies,VMI Keydets,89,68,2019
2018-12-05,Buffalo Bulls,Le Moyne Dolphins,89,55,2019
2018-12-05,Villanova Wildcats,Temple Owls,69,59,2019
2018-12-05,Minnesota Golden Gophers,Nebraska Cornhuskers,85,78,2019
2018-12-06,Purdue Boilermakers,Maryland Terrapins,62,60,2019
2018-12-07,Longwood Lancers,Frostburg State Bobcats,68,65,2019
2018-12-07,Columbia Lions,Bryant Bulldogs,90,68,2019
2018-12-07,UMass Lowell River Hawks,Maine-Fort Kent Bengals,110,63,2019
2018-12-07,Elon Phoenix,UNC Greensboro Spartans,74,75,2019
2018-12-07,George Mason Patriots,James Madison Dukes,66,53,2019
2018-12-07,Providence Friars,Massachusetts Minutemen,78,79,2019
2018-12-07,Missouri Tigers,Oral Roberts Golden Eagles,80,64,2019
2018-12-07,Stephen F. Austin Lumberjacks,Louisiana Tech Bulldogs,93,96,2019
2018-12-07,South Dakota State Jackrabbits,Southern Jaguars,101,92,2019
2018-12-07,Santa Clara Broncos,Idaho State Bengals,66,68,2019
2018-12-08,Duke Blue Devils,Yale Bulldogs,91,58,2019
2018-12-08,Auburn Tigers,Dayton Flyers,82,72,2019
2018-12-08,Florida Gators,Michigan State Spartans,59,63,2019
2018-12-08,Marquette Golden Eagles,Wisconsin Badgers,74,69,2019
2018-12-08,Tulsa Golden Hurricane,Kansas State Wildcats,47,46,2019
2018-12-08,St. Bonaventure Bonnies,Buffalo Bulls,62,80,2019
2018-12-08,Villanova Wildcats,Saint Joseph's Hawks,70,58,2019
2018-12-08,Nebraska Cornhuskers,Creighton Bluejays,94,75,2019
2018-12-08,South Carolina Upstate Spartans,Furman Paladins,60,74,2019
2018-12-09,Virginia Cavaliers,VCU Rams,57,49,2019
2018-12-09,Virginia Tech Hokies,South Carolina State Bulldogs,81,44,2019
2018-12-10,Dartmouth Big Green,Sacred Heart Pioneers,82,73,2019
2018-12-10,Marshall Thundering Herd,Morehead State Eagles,76,64,2019
2018-12-10,Maine Black Bears,Maine-Machias Clippers,98,43,2019
2018-12-10,Manhattan Jaspers,Hofstra Pride,50,80,2019
2018-12-10,Arkansas-Pine Bluff Golden Lions,Champion Christian Tigers,84,51,2019
2018-12-10,Saint Mary's Gaels,Cal State Fullerton Titans,81,66,2019
2018-12-10,Pacific Tigers,Long Beach State Beach,74,68,2019
2018-12-11,Pennsylvania Quakers,Villanova Wildcats,78,75,2019
2018-12-11,Furman Paladins,Charleston Southern Buccaneers,77,69,2019
2018-12-12,Texas Tech Red Raiders,Northwestern State Demons,79,44,2019
2018-12-12,Houston Cougars,LSU Tigers,82,76,2019
2018-12-13,Wisconsin Badgers,Savannah State Tigers,101,60,2019
2018-12-14,Georgia Southern Eagles,Brewton Parker Wildcats,101,64,2019
2018-12-14,George Washington Revolutionaries,Howard Bison,70,64,2019
2018-12-14,DePaul Blue Demons,UIC Flames,90,70,2019
2018-12-14,Houston Christian Huskies,Arlington Baptist Patriots,107,70,2019
2018-12-14,North Dakota Fighting Hawks,Mayville St Comets,83,66,2019
2018-12-14,Arkansas State Red Wolves,Florida Atlantic Owls,75,71,2019
2018-12-14,Creighton Bluejays,Green Bay Phoenix,86,65,2019
2018-12-15,Kansas Jayhawks,Villanova Wildcats,74,71,2019
2018-12-15,Memphis Tigers,Tennessee Volunteers,92,102,2019
2018-12-15,North Carolina Tar Heels,Gonzaga Bulldogs,103,90,2019
2018-12-15,Michigan Wolverines,Western Michigan Broncos,70,62,2019
2018-12-15,Nevada Wolf Pack,South Dakota State Jackrabbits,72,68,2019
2018-12-15,Texas Tech Red Raiders,Abilene Christian Wildcats,82,48,2019
2018-12-15,Ohio State Buckeyes,Bucknell Bison,73,71,2019
2018-12-15,Mississippi State Bulldogs,Cincinnati Bearcats,70,59,2019
2018-12-15,Kentucky Wildcats,Utah Utes,88,61,2019
2018-12-15,Georgia Bulldogs,Arizona State Sun Devils,74,76,2019
2018-12-15,Furman Paladins,UNC Wilmington Seahawks,93,50,2019
2018-12-15,Syracuse Orange,Old Dominion Monarchs,62,68,2019
2018-12-15,Kansas State Wildcats,Georgia State Panthers,71,59,2019
2018-12-16,Michigan State Spartans,Green Bay Phoenix,104,83,2019
2018-12-16,Houston Cougars,Saint Louis Billikens,68,64,2019
2018-12-17,Florida State Seminoles,Southeast Missouri State Redhawks,85,68,2019
2018-12-17,Vanderbilt Commodores,Arizona State Sun Devils,81,65,2019
2018-12-18,Kansas Jayhawks,South Dakota Coyotes,89,53,2019
2018-12-18,Duke Blue Devils,Princeton Tigers,101,50,2019
2018-12-18,Gonzaga Bulldogs,UT Arlington Mavericks,89,55,2019
2018-12-18,Syracuse Orange,Buffalo Bulls,59,71,2019
2018-12-18,Ohio State Buckeyes,Youngstown State Penguins,75,56,2019
2018-12-18,Marquette Golden Eagles,North Dakota Fighting Hawks,92,66,2019
2018-12-18,Iowa Hawkeyes,Western Carolina Catamounts,78,60,2019
2018-12-19,Tennessee Volunteers,Samford Bulldogs,83,70,2019
2018-12-19,South Carolina Gamecocks,Virginia Cavaliers,52,69,2019
2018-12-19,NC State Wolfpack,Auburn Tigers,78,71,2019
2018-12-19,Florida State Seminoles,North Florida Ospreys,95,81,2019
2018-12-19,Virginia Tech Hokies,North Carolina A&T Aggies,82,60,2019
2018-12-19,Mississippi State Bulldogs,Wofford Terriers,98,87,2019
2018-12-19,Indiana Hoosiers,Central Arkansas Bears,86,53,2019
2018-12-20,Houston Cougars,Utah State Aggies,60,50,2019
2018-12-21,Gonzaga Bulldogs,Denver Pioneers,101,40,2019
2018-12-21,Michigan State Spartans,Oakland Golden Grizzlies,99,69,2019
2018-12-21,Marquette Golden Eagles,Buffalo Bulls,103,85,2019
2018-12-21,LSU Tigers,Furman Paladins,75,57,2019
2018-12-22,Arizona State Sun Devils,Kansas Jayhawks,80,76,2019
2018-12-22,Tennessee Volunteers,Wake Forest Demon Deacons,83,64,2019
2018-12-22,Michigan Wolverines,Air Force Falcons,71,50,2019
2018-12-22,Virginia Cavaliers,William & Mary Tribe,72,40,2019
2018-12-22,Nevada Wolf Pack,Akron Zips,68,62,2019
2018-12-22,Auburn Tigers,Murray State Racers,93,88,2019
2018-12-22,Wisconsin Badgers,Grambling Tigers,84,53,2019
2018-12-22,Indiana Hoosiers,Jacksonville Dolphins,94,64,2019
2018-12-22,Iowa Hawkeyes,Savannah State Tigers,110,64,2019
2018-12-22,Nebraska Cornhuskers,Cal State Fullerton Titans,86,62,2019
2018-12-23,Houston Cougars,Coppin State Eagles,75,44,2019
2018-12-25,Hawai'i Rainbow Warriors,Rhode Island Rams,68,60,2019
2018-12-27,Creighton Bluejays,Kansas City Roos,89,53,2019
2018-12-28,Gonzaga Bulldogs,North Alabama Lions,96,51,2019
2018-12-28,Virginia Tech Hokies,Maryland Eastern Shore Hawks,85,40,2019
2018-12-28,Texas Tech Red Raiders,UT Rio Grande Valley Vaqueros,71,46,2019
2018-12-28,Marquette Golden Eagles,Southern Jaguars,84,41,2019
2018-12-28,NC State Wolfpack,Loyola Maryland Greyhounds,97,64,2019
2018-12-29,Tennessee Volunteers,Tennessee Tech Golden Eagles,96,53,2019
2018-12-29,Kansas Jayhawks,Eastern Michigan Eagles,87,63,2019
2018-12-29,Utah Utes,Nevada Wolf Pack,71,86,2019
2018-12-29,Michigan State Spartans,Northern Illinois Huskies,88,60,2019
2018-12-29,Auburn Tigers,North Florida Ospreys,95,49,2019
2018-12-29,Ohio State Buckeyes,High Point Panthers,82,64,2019
2018-12-29,North Carolina Tar Heels,Davidson Wildcats,82,60,2019
2018-12-29,Western Kentucky Hilltoppers,Wisconsin Badgers,83,76,2019
2018-12-29,Louisville Cardinals,Kentucky Wildcats,58,71,2019
2018-12-29,Arizona State Sun Devils,Princeton Tigers,66,67,2019
2018-12-29,Mississippi State Bulldogs,BYU Cougars,103,81,2019
2018-12-29,Canisius Golden Griffins,Buffalo Bulls,72,87,2019
2018-12-29,Houston Cougars,NJIT Highlanders,80,59,2019
2018-12-29,Iowa Hawkeyes,Bryant Bulldogs,72,67,2019
2018-12-30,Michigan Wolverines,Binghamton Bearcats,74,52,2019
2018-12-31,Virginia Cavaliers,Marshall Thundering Herd,100,64,2019
2018-12-31,Gonzaga Bulldogs,Cal State Bakersfield Roadrunners,89,54,2019
2019-01-01,Florida State Seminoles,Winthrop Eagles,87,76,2019
2019-01-01,Virginia Tech Hokies,Notre Dame Fighting Irish,81,66,2019
2019-01-01,St. John's Red Storm,Marquette Golden Eagles,89,69,2019
2019-01-02,Kansas Jayhawks,Oklahoma Sooners,70,63,2019
2019-01-02,Nevada Wolf Pack,Utah State Aggies,72,49,2019
2019-01-02,Michigan State Spartans,Northwestern Wildcats,81,55,2019
2019-01-02,West Virginia Mountaineers,Texas Tech Red Raiders,59,62,2019
2019-01-02,North Carolina Tar Heels,Harvard Crimson,77,57,2019
2019-01-02,Houston Cougars,Tulsa Golden Hurricane,74,56,2019
2019-01-02,Maryland Terrapins,Nebraska Cornhuskers,74,72,2019
2019-01-03,Michigan Wolverines,Penn State Nittany Lions,68,55,2019
2019-01-03,Miami Hurricanes,NC State Wolfpack,82,87,2019
2019-01-03,Indiana Hoosiers,Illinois Fighting Illini,73,65,2019
2019-01-03,Wisconsin Badgers,Minnesota Golden Gophers,52,59,2019
2019-01-03,Purdue Boilermakers,Iowa Hawkeyes,86,70,2019
2019-01-04,Eastern Michigan Eagles,Buffalo Bulls,58,74,2019
2019-01-05,Tennessee Volunteers,Georgia Bulldogs,96,50,2019
2019-01-05,Virginia Cavaliers,Florida State Seminoles,65,52,2019
2019-01-05,Iowa State Cyclones,Kansas Jayhawks,77,60,2019
2019-01-05,New Mexico Lobos,Nevada Wolf Pack,85,58,2019
2019-01-05,Gonzaga Bulldogs,Santa Clara Broncos,91,48,2019
2019-01-05,Ohio State Buckeyes,Michigan State Spartans,77,86,2019
2019-01-05,Virginia Tech Hokies,Boston College Eagles,77,66,2019
2019-01-05,Texas Tech Red Raiders,Kansas State Wildcats,63,57,2019
2019-01-05,Alabama Crimson Tide,Kentucky Wildcats,77,75,2019
2019-01-05,Oklahoma Sooners,Oklahoma State Cowboys,74,64,2019
2019-01-06,Michigan Wolverines,Indiana Hoosiers,74,63,2019
2019-01-06,Marquette Golden Eagles,Xavier Musketeers,70,52,2019
2019-01-06,Houston Cougars,Memphis Tigers,90,77,2019
2019-01-06,Penn State Nittany Lions,Wisconsin Badgers,52,71,2019
2019-01-06,Iowa Hawkeyes,Nebraska Cornhuskers,93,84,2019
2019-01-07,Fairfield Stags,Niagara Purple Eagles,77,59,2019
2019-01-07,Morgan State Bears,Savannah State Tigers,87,88,2019
2019-01-07,Maryland Eastern Shore Hawks,Howard Bison,39,79,2019
2019-01-07,Delaware State Hornets,Coppin State Eagles,60,64,2019
2019-01-07,Norfolk State Spartans,Florida A&M Rattlers,72,62,2019
2019-01-07,Alabama A&M Bulldogs,Grambling Tigers,65,60,2019
2019-01-07,Alabama State Hornets,Jackson State Tigers,59,57,2019
2019-01-07,Alcorn State Braves,Prairie View A&M Panthers,54,57,2019
2019-01-07,Southern Jaguars,Texas Southern Tigers,67,77,2019
2019-01-07,Northern Colorado Bears,Eastern Washington Eagles,75,63,2019
2019-01-08,Wake Forest Demon Deacons,Duke Blue Devils,65,87,2019
2019-01-08,Missouri Tigers,Tennessee Volunteers,63,87,2019
2019-01-08,Michigan State Spartans,Purdue Boilermakers,77,59,2019
2019-01-08,Texas Tech Red Raiders,Oklahoma Sooners,66,59,2019
2019-01-08,NC State Wolfpack,North Carolina Tar Heels,82,90,2019
2019-01-08,South Carolina Gamecocks,Mississippi State Bulldogs,87,82,2019
2019-01-08,Kentucky Wildcats,Texas A&M Aggies,85,74,2019
2019-01-08,Buffalo Bulls,Toledo Rockets,110,80,2019
2019-01-08,Baylor Bears,Iowa State Cyclones,73,70,2019
2019-01-08,Villanova Wildcats,St. John's Red Storm,76,71,2019
2019-01-09,Boston College Eagles,Virginia Cavaliers,56,83,2019
2019-01-09,Kansas Jayhawks,TCU Horned Frogs,77,68,2019
2019-01-09,Georgia Tech Yellow Jackets,Virginia Tech Hokies,49,52,2019
2019-01-09,Nevada Wolf Pack,San José State Spartans,92,53,2019
2019-01-09,Florida State Seminoles,Miami Hurricanes,68,62,2019
2019-01-09,Rutgers Scarlet Knights,Ohio State Buckeyes,64,61,2019
2019-01-09,Temple Owls,Houston Cougars,73,69,2019
2019-01-09,Creighton Bluejays,Marquette Golden Eagles,104,106,2019
2019-01-10,Illinois Fighting Illini,Michigan Wolverines,69,79,2019
2019-01-10,Gonzaga Bulldogs,Pacific Tigers,67,36,2019
2019-01-11,Maryland Terrapins,Indiana Hoosiers,78,75,2019
2019-01-12,Florida State Seminoles,Duke Blue Devils,78,80,2019
2019-01-12,Florida Gators,Tennessee Volunteers,67,78,2019
2019-01-12,Clemson Tigers,Virginia Cavaliers,43,63,2019
2019-01-12,San Francisco Dons,Gonzaga Bulldogs,83,96,2019
2019-01-12,Baylor Bears,Kansas Jayhawks,68,73,2019
2019-01-12,Texas Longhorns,Texas Tech Red Raiders,62,68,2019
2019-01-12,Fresno State Bulldogs,Nevada Wolf Pack,64,74,2019
2019-01-12,Auburn Tigers,Georgia Bulldogs,93,78,2019
2019-01-12,North Carolina Tar Heels,Louisville Cardinals,62,83,2019
2019-01-12,Mississippi State Bulldogs,Ole Miss Rebels,77,81,2019
2019-01-12,NC State Wolfpack,Pittsburgh Panthers,86,80,2019
2019-01-12,Iowa Hawkeyes,Ohio State Buckeyes,72,62,2019
2019-01-12,Houston Cougars,Wichita State Shockers,79,70,2019
2019-01-12,Kentucky Wildcats,Vanderbilt Commodores,56,47,2019
2019-01-12,Buffalo Bulls,Miami (OH) RedHawks,88,64,2019
2019-01-12,Iowa State Cyclones,Kansas State Wildcats,57,58,2019
2019-01-12,Marquette Golden Eagles,Seton Hall Pirates,70,66,2019
2019-01-12,Oklahoma Sooners,TCU Horned Frogs,76,74,2019
2019-01-12,St. John's Red Storm,DePaul Blue Demons,71,79,2019
2019-01-13,Michigan Wolverines,Northwestern Wildcats,80,60,2019
2019-01-13,Penn State Nittany Lions,Michigan State Spartans,56,71,2019
2019-01-14,Duke Blue Devils,Syracuse Orange,91,95,2019
2019-01-14,Kansas Jayhawks,Texas Longhorns,80,78,2019
2019-01-14,Pittsburgh Panthers,Florida State Seminoles,75,62,2019
2019-01-14,Maryland Terrapins,Wisconsin Badgers,64,60,2019
2019-01-14,Indiana Hoosiers,Nebraska Cornhuskers,51,66,2019
2019-01-15,Tennessee Volunteers,Arkansas Razorbacks,106,87,2019
2019-01-15,Virginia Cavaliers,Virginia Tech Hokies,81,59,2019
2019-01-15,Boise State Broncos,Nevada Wolf Pack,71,72,2019
2019-01-15,Georgia Bulldogs,Kentucky Wildcats,49,69,2019
2019-01-15,North Carolina Tar Heels,Notre Dame Fighting Irish,75,69,2019
2019-01-15,Georgetown Hoyas,Marquette Golden Eagles,71,74,2019
2019-01-15,Western Michigan Broncos,Buffalo Bulls,79,88,2019
2019-01-15,Wake Forest Demon Deacons,NC State Wolfpack,71,67,2019
2019-01-15,Ole Miss Rebels,LSU Tigers,69,83,2019
2019-01-15,Mississippi State Bulldogs,Florida Gators,71,68,2019
2019-01-16,Texas Tech Red Raiders,Iowa State Cyclones,64,68,2019
2019-01-16,Texas A&M Aggies,Auburn Tigers,66,85,2019
2019-01-16,Oklahoma Sooners,Kansas State Wildcats,61,74,2019
2019-01-16,SMU Mustangs,Houston Cougars,58,69,2019
2019-01-16,Penn State Nittany Lions,Iowa Hawkeyes,82,89,2019
2019-01-17,Gonzaga Bulldogs,Loyola Marymount Lions,73,55,2019
2019-01-17,Nebraska Cornhuskers,Michigan State Spartans,64,70,2019
2019-01-18,Buffalo Bulls,Eastern Michigan Eagles,77,65,2019
2019-01-18,Ohio State Buckeyes,Maryland Terrapins,61,75,2019
2019-01-18,Villanova Wildcats,Xavier Musketeers,85,75,2019
2019-01-19,Duke Blue Devils,Virginia Cavaliers,72,70,2019
2019-01-19,Wisconsin Badgers,Michigan Wolverines,64,54,2019
2019-01-19,Tennessee Volunteers,Alabama Crimson Tide,71,68,2019
2019-01-19,Portland Pilots,Gonzaga Bulldogs,66,89,2019
2019-01-19,West Virginia Mountaineers,Kansas Jayhawks,65,64,2019
2019-01-19,Baylor Bears,Texas Tech Red Raiders,73,62,2019
2019-01-19,Virginia Tech Hokies,Wake Forest Demon Deacons,87,71,2019
2019-01-19,Nevada Wolf Pack,Air Force Falcons,67,52,2019
2019-01-19,Auburn Tigers,Kentucky Wildcats,80,82,2019
2019-01-19,Miami Hurricanes,North Carolina Tar Heels,76,85,2019
2019-01-19,Notre Dame Fighting Irish,NC State Wolfpack,73,77,2019
2019-01-19,Ole Miss Rebels,Arkansas Razorbacks,84,67,2019
2019-01-19,Texas Longhorns,Oklahoma Sooners,75,72,2019
2019-01-19,South Florida Bulls,Houston Cougars,60,69,2019
2019-01-19,Vanderbilt Commodores,Mississippi State Bulldogs,55,71,2019
2019-01-19,Purdue Boilermakers,Indiana Hoosiers,70,55,2019
2019-01-20,Boston College Eagles,Florida State Seminoles,87,82,2019
2019-01-20,Marquette Golden Eagles,Providence Friars,79,68,2019
2019-01-20,Iowa Hawkeyes,Illinois Fighting Illini,95,71,2019
2019-01-21,Michigan State Spartans,Maryland Terrapins,69,55,2019
2019-01-21,Kansas Jayhawks,Iowa State Cyclones,80,76,2019
2019-01-21,North Carolina Tar Heels,Virginia Tech Hokies,103,82,2019
2019-01-22,Pittsburgh Panthers,Duke Blue Devils,64,79,2019
2019-01-22,Virginia Cavaliers,Wake Forest Demon Deacons,68,45,2019
2019-01-22,Michigan Wolverines,Minnesota Golden Gophers,59,57,2019
2019-01-22,Kentucky Wildcats,Mississippi State Bulldogs,76,55,2019
2019-01-22,Kansas State Wildcats,Texas Tech Red Raiders,58,45,2019
2019-01-22,Northern Illinois Huskies,Buffalo Bulls,77,75,2019
2019-01-22,South Carolina Gamecocks,Auburn Tigers,80,77,2019
2019-01-22,Butler Bulldogs,Villanova Wildcats,72,80,2019
2019-01-22,Alabama Crimson Tide,Ole Miss Rebels,74,53,2019
2019-01-23,Vanderbilt Commodores,Tennessee Volunteers,83,88,2019
2019-01-23,Nevada Wolf Pack,Colorado State Rams,100,60,2019
2019-01-23,Marquette Golden Eagles,DePaul Blue Demons,79,69,2019
2019-01-23,Houston Cougars,East Carolina Pirates,94,50,2019
2019-01-23,LSU Tigers,Georgia Bulldogs,92,82,2019
2019-01-24,Santa Clara Broncos,Gonzaga Bulldogs,39,98,2019
2019-01-24,Iowa Hawkeyes,Michigan State Spartans,67,82,2019
2019-01-24,Louisville Cardinals,NC State Wolfpack,84,77,2019
2019-01-25,Indiana Hoosiers,Michigan Wolverines,46,69,2019
2019-01-25,Kent State Golden Flashes,Buffalo Bulls,79,88,2019
2019-01-26,Duke Blue Devils,Georgia Tech Yellow Jackets,66,53,2019
2019-01-26,Notre Dame Fighting Irish,Virginia Cavaliers,55,82,2019
2019-01-26,Virginia Tech Hokies,Syracuse Orange,78,56,2019
2019-01-26,Xavier Musketeers,Marquette Golden Eagles,82,87,2019
2019-01-26,Mississippi State Bulldogs,Auburn Tigers,92,84,2019
2019-01-26,NC State Wolfpack,Clemson Tigers,69,67,2019
2019-01-26,Louisville Cardinals,Pittsburgh Panthers,66,51,2019
2019-01-26,Missouri Tigers,LSU Tigers,80,86,2019
2019-01-27,Purdue Boilermakers,Michigan State Spartans,73,63,2019
2019-01-27,Tulsa Golden Hurricane,Houston Cougars,65,77,2019
2019-01-27,Villanova Wildcats,Seton Hall Pirates,80,52,2019
2019-01-27,Minnesota Golden Gophers,Iowa Hawkeyes,92,87,2019
2019-01-28,Notre Dame Fighting Irish,Duke Blue Devils,61,83,2019
2019-01-28,Texas Tech Red Raiders,TCU Horned Frogs,84,65,2019
2019-01-29,South Carolina Gamecocks,Tennessee Volunteers,70,92,2019
2019-01-29,NC State Wolfpack,Virginia Cavaliers,65,66,2019
2019-01-29,Michigan Wolverines,Ohio State Buckeyes,65,49,2019
2019-01-29,Vanderbilt Commodores,Kentucky Wildcats,52,87,2019
2019-01-29,UNLV Rebels,Nevada Wolf Pack,70,87,2019
2019-01-29,Georgia Tech Yellow Jackets,North Carolina Tar Heels,54,77,2019
2019-01-29,Texas Longhorns,Kansas Jayhawks,73,63,2019
2019-01-29,Buffalo Bulls,Ball State Cardinals,83,59,2019
2019-01-29,Maryland Terrapins,Northwestern Wildcats,70,52,2019
2019-01-29,Alabama Crimson Tide,Mississippi State Bulldogs,83,79,2019
2019-01-29,Nebraska Cornhuskers,Wisconsin Badgers,51,62,2019
2019-01-30,Butler Bulldogs,Marquette Golden Eagles,58,76,2019
2019-01-30,DePaul Blue Demons,Villanova Wildcats,74,86,2019
2019-01-30,Wake Forest Demon Deacons,Louisville Cardinals,54,82,2019
2019-01-30,Texas A&M Aggies,LSU Tigers,57,72,2019
2019-01-30,Iowa State Cyclones,West Virginia Mountaineers,93,68,2019
2019-01-31,Houston Cougars,Temple Owls,73,66,2019
2019-01-31,Penn State Nittany Lions,Purdue Boilermakers,90,99,2019
2019-02-01,Iowa Hawkeyes,Michigan Wolverines,74,59,2019
2019-02-01,Bowling Green Falcons,Buffalo Bulls,92,88,2019
2019-02-01,Wisconsin Badgers,Maryland Terrapins,69,61,2019
2019-02-02,Texas A&M Aggies,Tennessee Volunteers,76,93,2019
2019-02-02,Duke Blue Devils,St. John's Red Storm,91,61,2019
2019-02-02,Virginia Cavaliers,Miami Hurricanes,56,46,2019
2019-02-02,Gonzaga Bulldogs,San Diego Toreros,85,69,2019
2019-02-02,Michigan State Spartans,Indiana Hoosiers,75,79,2019
2019-02-02,Florida Gators,Kentucky Wildcats,54,65,2019
2019-02-02,Nevada Wolf Pack,Boise State Broncos,93,73,2019
2019-02-02,Louisville Cardinals,North Carolina Tar Heels,69,79,2019
2019-02-02,Kansas Jayhawks,Texas Tech Red Raiders,79,63,2019
2019-02-02,NC State Wolfpack,Virginia Tech Hokies,24,47,2019
2019-02-02,LSU Tigers,Arkansas Razorbacks,89,90,2019
2019-02-02,Iowa State Cyclones,Texas Longhorns,65,60,2019
2019-02-02,Ole Miss Rebels,Mississippi State Bulldogs,75,81,2019
2019-02-02,Florida State Seminoles,Georgia Tech Yellow Jackets,59,49,2019
2019-02-03,Villanova Wildcats,Georgetown Hoyas,77,65,2019
2019-02-03,Purdue Boilermakers,Minnesota Golden Gophers,73,63,2019
2019-02-04,Virginia Tech Hokies,Louisville Cardinals,64,72,2019
2019-02-04,Oklahoma Sooners,Iowa State Cyclones,74,75,2019
2019-02-04,Texas Tech Red Raiders,West Virginia Mountaineers,81,50,2019
2019-02-05,Tennessee Volunteers,Missouri Tigers,72,60,2019
2019-02-05,Duke Blue Devils,Boston College Eagles,80,55,2019
2019-02-05,Kentucky Wildcats,South Carolina Gamecocks,76,48,2019
2019-02-05,Rutgers Scarlet Knights,Michigan Wolverines,65,77,2019
2019-02-05,North Carolina Tar Heels,NC State Wolfpack,113,96,2019
2019-02-05,Illinois Fighting Illini,Michigan State Spartans,79,74,2019
2019-02-05,Marquette Golden Eagles,St. John's Red Storm,69,70,2019
2019-02-05,Kansas State Wildcats,Kansas Jayhawks,74,67,2019
2019-02-05,Syracuse Orange,Florida State Seminoles,62,80,2019
2019-02-06,Colorado State Rams,Nevada Wolf Pack,82,98,2019
2019-02-06,Villanova Wildcats,Creighton Bluejays,66,59,2019
2019-02-06,Minnesota Golden Gophers,Wisconsin Badgers,51,56,2019
2019-02-06,Mississippi State Bulldogs,LSU Tigers,88,92,2019
2019-02-06,Nebraska Cornhuskers,Maryland Terrapins,45,60,2019
2019-02-07,Gonzaga Bulldogs,San Francisco Dons,92,62,2019
2019-02-07,UCF Knights,Houston Cougars,68,77,2019
2019-02-07,Indiana Hoosiers,Iowa Hawkeyes,72,77,2019
2019-02-07,Memphis Tigers,Cincinnati Bearcats,64,69,2019
2019-02-08,Yale Bulldogs,Princeton Tigers,74,60,2019
2019-02-08,Dartmouth Big Green,Cornell Big Red,80,83,2019
2019-02-08,Harvard Crimson,Columbia Lions,98,96,2019
2019-02-08,Brown Bears,Pennsylvania Quakers,82,92,2019
2019-02-08,Marist Red Foxes,Niagara Purple Eagles,79,58,2019
2019-02-08,Manhattan Jaspers,Siena Saints,49,51,2019
2019-02-08,Rider Broncs,Canisius Golden Griffins,80,81,2019
2019-02-08,Iona Gaels,Quinnipiac Bobcats,65,66,2019
2019-02-08,Saint Joseph's Hawks,Saint Louis Billikens,91,61,2019
2019-02-08,UL Monroe Warhawks,Georgia Southern Eagles,88,79,2019
2019-02-08,Louisiana Ragin' Cajuns,Georgia State Panthers,76,72,2019
2019-02-08,Akron Zips,Kent State Golden Flashes,72,53,2019
2019-02-09,Virginia Cavaliers,Duke Blue Devils,71,81,2019
2019-02-09,Gonzaga Bulldogs,Saint Mary's Gaels,94,46,2019
2019-02-09,Mississippi State Bulldogs,Kentucky Wildcats,67,71,2019
2019-02-09,Nevada Wolf Pack,New Mexico Lobos,91,62,2019
2019-02-09,Michigan Wolverines,Wisconsin Badgers,61,52,2019
2019-02-09,North Carolina Tar Heels,Miami Hurricanes,88,85,2019
2019-02-09,Michigan State Spartans,Minnesota Golden Gophers,79,55,2019
2019-02-09,Marquette Golden Eagles,Villanova Wildcats,66,65,2019
2019-02-09,Clemson Tigers,Virginia Tech Hokies,59,51,2019
2019-02-09,Kansas Jayhawks,Oklahoma State Cowboys,84,72,2019
2019-02-09,Purdue Boilermakers,Nebraska Cornhuskers,81,62,2019
2019-02-09,Florida State Seminoles,Louisville Cardinals,80,75,2019
2019-02-09,Iowa State Cyclones,TCU Horned Frogs,83,92,2019
2019-02-09,Oklahoma Sooners,Texas Tech Red Raiders,54,66,2019
2019-02-09,Buffalo Bulls,Central Michigan Chippewas,90,76,2019
2019-02-10,Houston Cougars,Cincinnati Bearcats,65,58,2019
2019-02-10,Iowa Hawkeyes,Northwestern Wildcats,80,79,2019
2019-02-11,North Carolina Tar Heels,Virginia Cavaliers,61,69,2019
2019-02-11,TCU Horned Frogs,Kansas Jayhawks,77,82,2019
2019-02-12,Louisville Cardinals,Duke Blue Devils,69,71,2019
2019-02-12,Kentucky Wildcats,LSU Tigers,71,73,2019
2019-02-12,Penn State Nittany Lions,Michigan Wolverines,75,69,2019
2019-02-12,DePaul Blue Demons,Marquette Golden Eagles,73,92,2019
2019-02-12,Wisconsin Badgers,Michigan State Spartans,59,67,2019
2019-02-12,Maryland Terrapins,Purdue Boilermakers,70,56,2019
2019-02-12,Texas Longhorns,Kansas State Wildcats,64,71,2019
2019-02-12,Akron Zips,Buffalo Bulls,70,76,2019
2019-02-13,Tennessee Volunteers,South Carolina Gamecocks,85,73,2019
2019-02-13,Villanova Wildcats,Providence Friars,85,67,2019
2019-02-13,Oklahoma State Cowboys,Texas Tech Red Raiders,50,78,2019
2019-02-13,Florida State Seminoles,Wake Forest Demon Deacons,88,66,2019
2019-02-13,Virginia Tech Hokies,Georgia Tech Yellow Jackets,76,68,2019
2019-02-14,Loyola Marymount Lions,Gonzaga Bulldogs,60,73,2019
2019-02-14,UConn Huskies,Houston Cougars,63,71,2019
2019-02-15,Toledo Rockets,Buffalo Bulls,82,88,2019
2019-02-16,Kentucky Wildcats,Tennessee Volunteers,86,69,2019
2019-02-16,Duke Blue Devils,NC State Wolfpack,94,78,2019
2019-02-16,San Diego Toreros,Gonzaga Bulldogs,67,79,2019
2019-02-16,Virginia Cavaliers,Notre Dame Fighting Irish,60,54,2019
2019-02-16,Michigan Wolverines,Maryland Terrapins,65,52,2019
2019-02-16,Wyoming Cowboys,Nevada Wolf Pack,49,82,2019
2019-02-16,Wake Forest Demon Deacons,North Carolina Tar Heels,57,95,2019
2019-02-16,Purdue Boilermakers,Penn State Nittany Lions,76,64,2019
2019-02-16,Kansas Jayhawks,West Virginia Mountaineers,78,53,2019
2019-02-16,Texas Tech Red Raiders,Baylor Bears,86,61,2019
2019-02-16,Louisville Cardinals,Clemson Tigers,56,55,2019
2019-02-16,Georgia Tech Yellow Jackets,Florida State Seminoles,47,69,2019
2019-02-16,Kansas State Wildcats,Iowa State Cyclones,64,78,2019
2019-02-16,Georgia Bulldogs,LSU Tigers,79,83,2019
2019-02-16,Rutgers Scarlet Knights,Iowa Hawkeyes,69,71,2019
2019-02-16,Pittsburgh Panthers,Virginia Tech Hokies,64,70,2019
2019-02-17,Tulane Green Wave,Houston Cougars,50,85,2019
2019-02-17,Michigan State Spartans,Ohio State Buckeyes,62,44,2019
2019-02-17,St. John's Red Storm,Villanova Wildcats,71,65,2019
2019-02-18,Virginia Tech Hokies,Virginia Cavaliers,58,64,2019
2019-02-18,Wisconsin Badgers,Illinois Fighting Illini,64,58,2019
2019-02-18,West Virginia Mountaineers,Kansas State Wildcats,51,65,2019
2019-02-19,Buffalo Bulls,Ohio Bobcats,114,67,2019
2019-02-20,San Diego State Aztecs,Nevada Wolf Pack,65,57,2019
2019-02-20,Michigan State Spartans,Rutgers Scarlet Knights,71,60,2019
2019-02-20,Marquette Golden Eagles,Butler Bulldogs,79,69,2019
2019-02-20,LSU Tigers,Florida Gators,77,82,2019
2019-02-20,Georgetown Hoyas,Villanova Wildcats,85,73,2019
2019-02-20,Syracuse Orange,Louisville Cardinals,69,49,2019
2019-02-21,Gonzaga Bulldogs,Pepperdine Waves,92,64,2019
2019-02-21,Minnesota Golden Gophers,Michigan Wolverines,60,69,2019
2019-02-22,Iowa Hawkeyes,Indiana Hoosiers,76,70,2019
2019-02-22,Buffalo Bulls,Kent State Golden Flashes,80,57,2019
2019-02-23,Syracuse Orange,Duke Blue Devils,65,75,2019
2019-02-23,Gonzaga Bulldogs,BYU Cougars,102,68,2019
2019-02-23,Louisville Cardinals,Virginia Cavaliers,52,64,2019
2019-02-23,Kentucky Wildcats,Auburn Tigers,80,53,2019
2019-02-23,LSU Tigers,Tennessee Volunteers,82,80,2019
2019-02-23,Nevada Wolf Pack,Fresno State Bulldogs,74,68,2019
2019-02-23,North Carolina Tar Heels,Florida State Seminoles,77,59,2019
2019-02-23,Houston Cougars,South Florida Bulls,71,59,2019
2019-02-23,Providence Friars,Marquette Golden Eagles,58,76,2019
2019-02-23,Texas Tech Red Raiders,Kansas Jayhawks,91,62,2019
2019-02-23,Nebraska Cornhuskers,Purdue Boilermakers,72,75,2019
2019-02-23,TCU Horned Frogs,Iowa State Cyclones,75,72,2019
2019-02-23,Notre Dame Fighting Irish,Virginia Tech Hokies,59,67,2019
2019-02-23,Northwestern Wildcats,Wisconsin Badgers,64,69,2019
2019-02-23,Kansas State Wildcats,Oklahoma State Cowboys,85,46,2019
2019-02-23,Maryland Terrapins,Ohio State Buckeyes,72,62,2019
2019-02-24,Michigan Wolverines,Michigan State Spartans,70,77,2019
2019-02-24,Xavier Musketeers,Villanova Wildcats,66,54,2019
2019-02-25,Kansas Jayhawks,Kansas State Wildcats,64,49,2019
2019-02-25,Florida State Seminoles,Notre Dame Fighting Irish,68,61,2019
2019-02-26,Virginia Tech Hokies,Duke Blue Devils,77,72,2019
2019-02-26,Kentucky Wildcats,Arkansas Razorbacks,70,66,2019
2019-02-26,North Carolina Tar Heels,Syracuse Orange,93,85,2019
2019-02-26,LSU Tigers,Texas A&M Aggies,66,55,2019
2019-02-26,Indiana Hoosiers,Wisconsin Badgers,75,73,2019
2019-02-26,Buffalo Bulls,Akron Zips,77,64,2019
2019-02-26,Ohio State Buckeyes,Iowa Hawkeyes,90,70,2019
2019-02-27,Virginia Cavaliers,Georgia Tech Yellow Jackets,81,51,2019
2019-02-27,Ole Miss Rebels,Tennessee Volunteers,71,73,2019
2019-02-27,East Carolina Pirates,Houston Cougars,65,99,2019
2019-02-27,Villanova Wildcats,Marquette Golden Eagles,67,61,2019
2019-02-27,Texas Tech Red Raiders,Oklahoma State Cowboys,84,80,2019
2019-02-27,Nevada Wolf Pack,UNLV Rebels,89,73,2019
2019-02-27,Purdue Boilermakers,Illinois Fighting Illini,73,56,2019
2019-02-27,Penn State Nittany Lions,Maryland Terrapins,78,61,2019
2019-02-27,SMU Mustangs,Cincinnati Bearcats,49,52,2019
2019-02-28,Michigan Wolverines,Nebraska Cornhuskers,82,53,2019
2019-02-28,Chattanooga Mocs,Wofford Terriers,54,80,2019
2019-02-28,California Golden Bears,Washington Huskies,76,73,2019
2019-03-01,Miami (OH) RedHawks,Buffalo Bulls,69,77,2019
2019-03-02,Saint Mary's Gaels,Gonzaga Bulldogs,55,69,2019
2019-03-02,Virginia Cavaliers,Pittsburgh Panthers,73,49,2019
2019-03-02,Duke Blue Devils,Miami Hurricanes,87,57,2019
2019-03-02,Tennessee Volunteers,Kentucky Wildcats,71,52,2019
2019-03-02,Clemson Tigers,North Carolina Tar Heels,79,81,2019
2019-03-02,Indiana Hoosiers,Michigan State Spartans,63,62,2019
2019-03-02,Houston Cougars,UCF Knights,64,69,2019
2019-03-02,TCU Horned Frogs,Texas Tech Red Raiders,66,81,2019
2019-03-02,Utah State Aggies,Nevada Wolf Pack,81,76,2019
2019-03-02,Alabama Crimson Tide,LSU Tigers,69,74,2019
2019-03-02,Purdue Boilermakers,Ohio State Buckeyes,86,51,2019
2019-03-02,Oklahoma State Cowboys,Kansas Jayhawks,67,72,2019
2019-03-02,Kansas State Wildcats,Baylor Bears,66,60,2019
2019-03-02,Florida State Seminoles,NC State Wolfpack,78,73,2019
2019-03-02,Wisconsin Badgers,Penn State Nittany Lions,61,57,2019
2019-03-02,Iowa Hawkeyes,Rutgers Scarlet Knights,72,86,2019
2019-03-02,Cincinnati Bearcats,Memphis Tigers,71,69,2019
2019-03-02,Samford Bulldogs,Wofford Terriers,64,85,2019
2019-03-03,Maryland Terrapins,Michigan Wolverines,62,69,2019
2019-03-03,Marquette Golden Eagles,Creighton Bluejays,60,66,2019
2019-03-03,Stanford Cardinal,Washington Huskies,61,62,2019
2019-03-04,Syracuse Orange,Virginia Cavaliers,53,79,2019
2019-03-04,Texas Tech Red Raiders,Texas Longhorns,70,51,2019
2019-03-04,TCU Horned Frogs,Kansas State Wildcats,52,64,2019
2019-03-05,Boston College Eagles,North Carolina Tar Heels,66,79,2019
2019-03-05,Duke Blue Devils,Wake Forest Demon Deacons,71,70,2019
2019-03-05,Tennessee Volunteers,Mississippi State Bulldogs,71,54,2019
2019-03-05,Ole Miss Rebels,Kentucky Wildcats,76,80,2019
2019-03-05,Michigan State Spartans,Nebraska Cornhuskers,91,76,2019
2019-03-05,Minnesota Golden Gophers,Purdue Boilermakers,73,69,2019
2019-03-05,Oklahoma Sooners,Kansas Jayhawks,81,68,2019
2019-03-05,Florida State Seminoles,Virginia Tech Hokies,73,64,2019
2019-03-05,Air Force Falcons,Nevada Wolf Pack,79,90,2019
2019-03-05,Ohio Bobcats,Buffalo Bulls,79,82,2019
2019-03-06,Florida Gators,LSU Tigers,78,79,2019
2019-03-06,Seton Hall Pirates,Marquette Golden Eagles,73,64,2019
2019-03-07,Houston Cougars,SMU Mustangs,90,79,2019
2019-03-07,UCF Knights,Cincinnati Bearcats,58,55,2019
2019-03-07,Wisconsin Badgers,Iowa Hawkeyes,65,45,2019
2019-03-08,Virginia Tech Hokies,Miami Hurricanes,84,70,2019
2019-03-08,Buffalo Bulls,Bowling Green Falcons,84,73,2019
2019-03-08,Maryland Terrapins,Minnesota Golden Gophers,69,60,2019
2019-03-09,Virginia Cavaliers,Louisville Cardinals,73,68,2019
2019-03-09,North Carolina Tar Heels,Duke Blue Devils,79,70,2019
2019-03-09,Auburn Tigers,Tennessee Volunteers,84,80,2019
2019-03-09,Kentucky Wildcats,Florida Gators,66,57,2019
2019-03-09,Michigan State Spartans,Michigan Wolverines,75,63,2019
2019-03-09,Iowa State Cyclones,Texas Tech Red Raiders,73,80,2019
2019-03-09,LSU Tigers,Vanderbilt Commodores,80,59,2019
2019-03-09,Northwestern Wildcats,Purdue Boilermakers,57,70,2019
2019-03-09,Kansas Jayhawks,Baylor Bears,78,70,2019
2019-03-09,Wake Forest Demon Deacons,Florida State Seminoles,57,65,2019
2019-03-09,Marquette Golden Eagles,Georgetown Hoyas,84,86,2019
2019-03-09,Nevada Wolf Pack,San Diego State Aztecs,81,53,2019
2019-03-09,Kansas State Wildcats,Oklahoma Sooners,68,53,2019
2019-03-09,Seton Hall Pirates,Villanova Wildcats,79,75,2019
2019-03-09,Temple Owls,UCF Knights,67,62,2019
2019-03-10,Cincinnati Bearcats,Houston Cougars,69,85,2019
2019-03-10,Ohio State Buckeyes,Wisconsin Badgers,67,73,2019
2019-03-11,Eastern Michigan Eagles,Ball State Cardinals,43,61,2019
2019-03-11,Central Michigan Chippewas,Western Michigan Broncos,81,67,2019
2019-03-11,Akron Zips,Miami (OH) RedHawks,80,51,2019
2019-03-11,Northern Illinois Huskies,Ohio Bobcats,80,61,2019
2019-03-12,Saint Francis Red Flash,Fairleigh Dickinson Knights,76,85,2019
2019-03-12,UMBC Retrievers,Hartford Hawks,90,85,2019
2019-03-12,Vermont Catamounts,Binghamton Bearcats,84,51,2019
2019-03-12,UL Monroe Warhawks,App State Mountaineers,89,80,2019
2019-03-12,South Alabama Jaguars,Arkansas State Red Wolves,75,67,2019
2019-03-12,Texas Southern Tigers,Southern Jaguars,80,70,2019
2019-03-12,Grambling Tigers,Arkansas-Pine Bluff Golden Lions,59,52,2019
2019-03-12,Prairie View A&M Panthers,Alcorn State Braves,86,66,2019
2019-03-12,Jackson State Tigers,Alabama State Hornets,49,58,2019
2019-03-13,Colgate Raiders,Bucknell Bison,94,80,2019
2019-03-13,St. John's Red Storm,DePaul Blue Demons,82,74,2019
2019-03-14,Memphis Tigers,Tulane Green Wave,83,68,2019
2019-03-14,Kansas Jayhawks,Texas Longhorns,65,57,2019
2019-03-15,Kansas Jayhawks,West Virginia Mountaineers,88,74,2019
2019-03-16,Vermont Catamounts,UMBC Retrievers,66,49,2019
2019-03-16,Yale Bulldogs,Princeton Tigers,83,77,2019
2019-03-16,Kansas Jayhawks,Iowa State Cyclones,66,78,2019
